Semester,Part,Module,Programmes,Name,Lab Type,Contact,Preparation Requirement,Day of Week,Start Time,End Time,Total Student Number,Requirements,Requirement Status,SW01,SW02,SW03,SW04,SW05,SW06,SW07,SW08,SW09,SW10,SW11,SW12,HW01,HW02,HW03,EW01,EW02,CW01,SW01,SW02,SW03,SW04,SW05,SW06,SW07,SW08,HW01,HW02,HW03,SW09,SW10,SW11,SW12,EW01,EW02,EW03
S1,I,AICE1001,AICE,Ethics and Security of Computing,Computer,Han Wu,Check software,Thursday,14,17,58,NA,Prepared,0,1,0,1,0,0,1,0,0,0,0,0,CH,CH,CH,EXAM,EXAM,consolidation ,0,0,0,0,0,0,0,0,CH,CH,CH,0,0,0,0,EXAM,EXAM,EXAM
S1,I,AICE1002,AICE,Digital Computer Systems,Computer,Graeme Bragg,Check software,Thursday,14,17,58,NA,Prepared,0,0,0,0,1,1,0,1,0,1,1,0,CH,CH,CH,EXAM,EXAM,consolidation ,0,0,0,0,0,0,0,0,CH,CH,CH,0,0,0,0,EXAM,EXAM,EXAM
S1,I,AICE1003,AICE,High-Level Programming,Computer,Son Hoang,Check software,Tuesday,14,17,58,NA,Prepared,0,1,1,1,1,1,1,1,1,1,1,1,CH,CH,CH,EXAM,EXAM,consolidation ,0,0,0,0,0,0,0,0,CH,CH,CH,0,0,0,0,EXAM,EXAM,EXAM
S1,I,AICE1004,AICE,Mathematics for Artificial Intelligence and Computer Engineering (I),Computer,Andersen Ang,Check software,Thursday,14,17,58,NA,Prepared,0,1,1,0,0,0,0,0,1,0,0,0,CH,CH,CH,EXAM,EXAM,consolidation ,0,0,0,0,0,0,0,0,CH,CH,CH,0,0,0,0,EXAM,EXAM,EXAM
S1,II,AICE2001,AICE,Scientific Computing,Computer,Andersen Ang,,Monday,10,12,100,NA,Prepared,1,1,1,1,1,1,1,1,1,1,1,0,CH,CH,CH,EXAM,EXAM,consolidation ,0,0,0,0,0,0,0,0,CH,CH,CH,0,0,0,0,EXAM,EXAM,EXAM
S1,II,AICE2002,AICE,Artificial Intelligence and Learning Machines,Computer,Jennifer Williams and Indu Bodala,,Friday,10,13,100,NA,Prepared,0,1,1,1,1,1,1,1,1,1,1,1,CH,CH,CH,EXAM,EXAM,consolidation ,0,0,0,0,0,0,0,0,CH,CH,CH,0,0,0,0,EXAM,EXAM,EXAM
S1,II,AICE2003,AICE,Electronics,Practical and Computer,David Thomas,,Monday,14,17,100,NA,Not prepared,0,0,1,1,1,1,1,1,1,1,1,1,CH,CH,CH,EXAM,EXAM,consolidation ,0,0,0,0,0,0,0,0,CH,CH,CH,0,0,0,0,EXAM,EXAM,EXAM
S1,II,AICE2004,AICE,Parallel and Distributed Computing,Computer,Graeme Bragg,Bring hardware from Graeme,Friday,14,17,100,NA,Prepared,0,0,1,0,1,0,1,1,0,0,0,0,CH,CH,CH,EXAM,EXAM,consolidation ,0,0,0,0,0,0,0,0,CH,CH,CH,0,0,0,0,EXAM,EXAM,EXAM
S1,III,AICE3002,AICE,Introduction to Deep Learning,Computer,Jonathon Hare,,Wednesday,10,12,43,NA,Prepared,1,1,1,1,1,1,1,1,0,0,0,0,CH,CH,CH,EXAM,EXAM,consolidation ,0,0,0,0,0,0,0,0,CH,CH,CH,0,0,0,0,EXAM,EXAM,EXAM
S1,VI,AICE6001,AICE,Introduction to Deep Learning,Computer,Jonathon Hare,Check lab content and software,Wednesday,10,12,22,NA,Prepared,1,1,1,1,1,1,1,1,0,0,0,0,CH,CH,CH,EXAM,EXAM,consolidation ,0,0,0,0,0,0,0,0,CH,CH,CH,0,0,0,0,EXAM,EXAM,EXAM
S1,I,ELEC1300-T13,ELEC,T13-Traffic light,Practical,Geoff Merrett,Bring hardware from B59 L2 Lab,Tuesday,10,13,100,NA,Not prepared,0,1,0,0,0,0,1,1,0,0,0,0,CH,CH,CH,EXAM,EXAM,consolidation ,0,0,0,0,0,0,0,0,CH,CH,CH,0,0,0,0,EXAM,EXAM,EXAM
S1,I,ELEC1300-T13,ELEC,T13-Traffic light,Practical,Geoff Merrett,Bring hardware from B59 L2 Lab,Thursday,10,13,100,NA,Not prepared,0,1,0,0,0,0,1,1,0,0,0,0,CH,CH,CH,EXAM,EXAM,consolidation ,0,0,0,0,0,0,0,0,CH,CH,CH,0,0,0,0,EXAM,EXAM,EXAM
S1,III,ELEC3227,ELEC,Embedded Networked Systems,Practical,Geoff Merrett,Bring hardware from B59 L2 Lab,Wednesday,10,13,50,NA,Not prepared,0,0,1,1,1,1,1,0,1,0,1,0,CH,CH,CH,EXAM,EXAM,consolidation ,0,0,0,0,0,0,0,0,CH,CH,CH,0,0,0,0,EXAM,EXAM,EXAM
S1,VI,FEEG6050,FEEG,"Robotics Fundamentals, Research Management, and Professional Development",Computer,Christine Evers and Blair Thornton,Check lab content,Monday,12,14,,NA,Prepared,1,1,1,0,0,0,0,0,0,0,0,0,CH,CH,CH,EXAM,EXAM,consolidation ,0,0,0,0,0,0,0,0,CH,CH,CH,0,0,0,0,EXAM,EXAM,EXAM
S2,I,AICE1005,AICE,Algorithms and Analysis,Computer,Adam Prugel-Bennett,Check software,Thursday,14,17,58,NA,Not prepared,0,1,0,0,0,0,0,0,0,0,0,0,CH,CH,CH,EXAM,EXAM,consolidation ,0,0,1,0,1,0,0,0,CH,CH,CH,1,0,1,0,EXAM,EXAM,EXAM
S2,I,AICE1006,AICE,Data Analytics,Computer,Hikmat Farhat,Check software,Thursday,14,17,58,NA,Not prepared,0,1,0,0,0,0,0,0,0,0,0,0,CH,CH,CH,EXAM,EXAM,consolidation ,0,1,0,1,0,0,0,1,CH,CH,CH,0,1,0,0,EXAM,EXAM,EXAM
S2,I,AICE1007,AICE,Low-Level Programming,Practical and Computer,Mark Vousden,Check software,Tuesday,14,17,58,NA,Not prepared,0,1,0,0,0,0,0,0,0,0,0,0,CH,CH,CH,EXAM,EXAM,consolidation ,1,1,1,1,1,0,1,1,CH,CH,CH,1,1,1,0,EXAM,EXAM,EXAM
S2,I,AICE1008,AICE,Mathematics for Artificial Intelligence and Computer Engineering (II),Computer,Mahesan Niranjan,Check software,Thursday,14,17,58,NA,Not prepared,0,1,0,0,0,0,0,0,0,0,0,0,CH,CH,CH,EXAM,EXAM,consolidation ,1,0,0,0,0,0,1,0,CH,CH,CH,0,0,0,0,EXAM,EXAM,EXAM
S2,II,AICE2006,AICE,Machine Learning (I),Computer,Zhanxing Zhu and Han Wu,Check software,Monday,14,16,100,NA,Not prepared,0,1,0,0,0,0,0,0,0,0,0,0,CH,CH,CH,EXAM,EXAM,consolidation ,1,1,1,1,1,1,1,1,CH,CH,CH,1,1,1,1,EXAM,EXAM,EXAM
S2,II,AICE2007,AICE,Code Transformation,Computer,Artjoms S?inkarovs,Check software,Wednesday,10,13,100,NA,Not prepared,0,1,0,0,0,0,0,0,0,0,0,0,CH,CH,CH,EXAM,EXAM,consolidation ,1,1,1,1,1,1,1,1,CH,CH,CH,1,1,1,1,EXAM,EXAM,EXAM
S2,II,AICE2008,AICE,Computer Architecture,Computer,Mark Zwolinski,Check software,Monday,10,13,100,NA,Not prepared,0,1,0,0,0,0,0,0,0,0,0,0,CH,CH,CH,EXAM,EXAM,consolidation ,1,1,1,1,1,1,1,1,CH,CH,CH,1,1,1,1,EXAM,EXAM,EXAM
S2,II,AICE2009,AICE,Digital Signal Processing,Computer,Christine Evers & Mahesan Niranjan,Check software,Friday,11,13,100,NA,Not prepared,0,1,0,0,0,0,0,0,0,0,0,0,CH,CH,CH,EXAM,EXAM,consolidation ,0,1,0,1,0,1,0,1,CH,CH,CH,0,1,0,1,EXAM,EXAM,EXAM
S2,II,AICE2011,AICE,AI and CE Interdisciplinary Group Project,Practical and Computer,Mohammad Soorati ,"Check timetable, new robots and hardware",Friday,14,17,100,NA,Not prepared,0,1,0,0,0,0,0,0,0,0,0,0,CH,CH,CH,EXAM,EXAM,consolidation ,1,1,1,1,1,1,1,1,CH,CH,CH,1,1,1,1,EXAM,EXAM,EXAM
S2,VI,AICE6005,AICE,Hardware Accelerators,Computer,Philippos Papaphilippou,Check lab content,Friday,9,10,22,NA,Not prepared,0,1,0,0,0,0,0,0,0,0,0,0,CH,CH,CH,EXAM,EXAM,consolidation ,1,1,1,1,1,1,1,1,CH,CH,CH,1,1,1,1,EXAM,EXAM,EXAM
S2,VI,AICE6006,AICE,Speech Artificial Intelligence,Computer,Jennifer Williams,Check lab content,Wednesday,15,16,22,NA,Not prepared,0,1,0,0,0,0,0,0,0,0,0,0,CH,CH,CH,EXAM,EXAM,consolidation ,0,1,1,1,1,1,1,1,CH,CH,CH,1,1,1,1,EXAM,EXAM,EXAM
