Semester,Part,Module,Programmes,Name,Lab Type,Preparation Requirement,Day of Week,Start Time,End Time,Total Student Number,Requirements,Requirement Status,SW01,SW02,SW03,SW04,SW05,SW06,SW07,SW08,SW09,SW10,SW11,SW12,HW01,HW02,HW03,EW01,EW02,CW01,SW01,SW02,SW03,SW04,SW05,SW06,SW07,SW08,HW01,HW02,HW03,SW09,SW10,SW11,SW12,EW01,EW02,EW03
S1,I,AICE1001,AICE,Ethics and Security of Computing,Computer,Check software,Thursday,14,17,77,MATLAB,Prepared,1,0,1,0,0,0,1,0,0,0,0,0,CH,CH,CH,EXAM,EXAM,consolidation ,0,0,0,0,0,0,0,0,CH,CH,CH,0,0,0,0,EXAM,EXAM,EXAM
S1,I,AICE1002,AICE,Digital Computer Systems,Computer,Check software,Thursday,14,17,77,"Python, Wireshark, Digitial blackboard",Prepared,0,0,0,0,1,1,0,1,0,1,1,0,CH,CH,CH,EXAM,EXAM,consolidation ,0,0,0,0,0,0,0,0,CH,CH,CH,0,0,0,0,EXAM,EXAM,EXAM
S1,I,AICE1003,AICE,High-Level Programming,Computer,Check software,Tuesday,14,17,77,Python,Prepared,1,1,1,1,1,0,1,1,1,1,1,1,CH,CH,CH,EXAM,EXAM,consolidation ,0,0,0,0,0,0,0,0,CH,CH,CH,0,0,0,0,EXAM,EXAM,EXAM
S1,I,AICE1004,AICE,Mathematics for Artificial Intelligence and Computer Engineering (I),Computer,Bring hardware from Graeme,Thursday,14,17,77,Web browser,Prepared,0,1,0,0,0,0,0,0,1,0,0,0,CH,CH,CH,EXAM,EXAM,consolidation ,0,0,0,0,0,0,0,0,CH,CH,CH,0,0,0,0,EXAM,EXAM,EXAM
S1,I,AICE1000,AICE,AICE Lab Programme Year 1,,,Thursday,14,17,77,Web browser,Prepared,0,0,0,0,0,1,0,0,0,0,0,0,CH,CH,CH,EXAM,EXAM,consolidation ,0,0,0,0,0,0,0,0,CH,CH,CH,0,0,0,0,EXAM,EXAM,EXAM
S1,II,AICE2001,AICE,Scientific Computing,Computer,,Monday,10,12,67,[Lecture-based]MATLAB,Prepared,1,1,1,1,1,1,1,1,1,1,1,0,CH,CH,CH,EXAM,EXAM,consolidation ,0,0,0,0,0,0,0,0,CH,CH,CH,0,0,0,0,EXAM,EXAM,EXAM
S1,II,AICE2002,AICE,Artificial Intelligence and Learning Machines,Computer,,Friday,10,13,35,WSL,Prepared,0,1,1,1,1,1,1,1,1,1,1,1,CH,CH,CH,EXAM,EXAM,consolidation ,0,0,0,0,0,0,0,0,CH,CH,CH,0,0,0,0,EXAM,EXAM,EXAM
S1,II,AICE2003,AICE,Electronics,Practical and Computer,,Monday,14,17,32,"X11(signal board),X12(Components),X13(Ilmatto),X23(Multisim),X24(KiCAD),X25(RFID)",Prepared,0,0,1,1,1,1,1,1,1,1,1,1,CH,CH,CH,EXAM,EXAM,consolidation ,0,0,0,0,0,0,0,0,CH,CH,CH,0,0,0,0,EXAM,EXAM,EXAM
S1,II,AICE2004,AICE,Parallel and Distributed Computing,Computer,,Friday,14,17,67,Digitial blackboard,Prepared,0,0,1,0,1,0,1,1,0,0,0,0,CH,CH,CH,EXAM,EXAM,consolidation ,0,0,0,0,0,0,0,0,CH,CH,CH,0,0,0,0,EXAM,EXAM,EXAM
S1,III,AICE3002,AICE,Introduction to Deep Learning,Computer,,Wednesday,10,12,21,[Lecture-based]Web browser,Prepared,1,1,1,1,1,1,1,1,0,0,0,0,CH,CH,CH,EXAM,EXAM,consolidation ,0,0,0,0,0,0,0,0,CH,CH,CH,0,0,0,0,EXAM,EXAM,EXAM
S1,VI,AICE6001,AICE,Introduction to Deep Learning,Computer,Check lab content and software,Wednesday,10,12,16,[Lecture-based]Web browser,Prepared,1,1,1,1,1,1,1,1,0,0,0,0,CH,CH,CH,EXAM,EXAM,consolidation ,0,0,0,0,0,0,0,0,CH,CH,CH,0,0,0,0,EXAM,EXAM,EXAM
S1,I,ELEC1300,ELEC,C Programming,Practical,Bring hardware from B59 L2 Lab,Thursday,10,13,78,gcc compiler,Prepared,1,1,1,1,1,0,0,0,0,0,0,0,CH,CH,CH,EXAM,EXAM,consolidation ,0,0,0,0,0,0,0,0,CH,CH,CH,0,0,0,0,EXAM,EXAM,EXAM
S1,I,ELEC1300,ELEC,X11,Practical,Bring hardware from B59 L2 Lab,Tuesday,10,13,78,"Signal board, USB cable, 4mm cable,  100 ohm,10 Kohm",Prepared,0,1,0,0,0,0,0,0,0,0,0,0,CH,CH,CH,EXAM,EXAM,consolidation ,0,0,0,0,0,0,0,0,CH,CH,CH,0,0,0,0,EXAM,EXAM,EXAM
S1,I,ELEC1300,ELEC,X12,Practical,Bring hardware from B59 L2 Lab,Tuesday,10,13,78,"breadboard,100Kohm*3,1Mohm, 1nF, 1N4148, probes*2",Prepared,0,0,1,0,0,0,0,0,0,0,0,0,CH,CH,CH,EXAM,EXAM,consolidation ,0,0,0,0,0,0,0,0,CH,CH,CH,0,0,0,0,EXAM,EXAM,EXAM
S1,I,ELEC1300,ELEC,X14,Practical,,Tuesday,10,13,78,"[59]Inductor, Resistor bank",Not prepared,0,0,0,0,1,0,0,0,0,0,0,0,CH,CH,CH,EXAM,EXAM,consolidation ,0,0,0,0,0,0,0,0,CH,CH,CH,0,0,0,0,EXAM,EXAM,EXAM
S1,I,ELEC1300,ELEC,M11,Computer,,Tuesday,10,13,78,MATLAB,Prepared,0,0,0,1,0,0,0,0,0,0,0,0,CH,CH,CH,EXAM,EXAM,consolidation ,0,0,0,0,0,0,0,0,CH,CH,CH,0,0,0,0,EXAM,EXAM,EXAM
S1,I,ELEC1311,ELEC,T11,Computer,,Thursday,10,13,78,MATLAB,Prepared,0,0,0,0,0,1,0,0,0,0,0,0,CH,CH,CH,EXAM,EXAM,consolidation ,0,0,0,0,0,0,0,0,CH,CH,CH,0,0,0,0,EXAM,EXAM,EXAM
S1,III,ELEC3227,ELEC,Embedded Networked Systems,Practical,Bring hardware from B59 L2 Lab,Wednesday,10,13,27,[soldering]RFM69 module,Prepared,0,0,1,1,1,0,0,0,0,0,0,0,CH,CH,CH,EXAM,EXAM,consolidation ,0,0,0,0,0,0,0,0,CH,CH,CH,0,0,0,0,EXAM,EXAM,EXAM
S1,VI,FEEG6050,FEEG,"Robotics Fundamentals, Research Management, and Professional Development",Computer,Check lab content,Monday,12,14,46,NA,Prepared,1,1,0,0,0,0,0,0,0,0,0,0,CH,CH,CH,EXAM,EXAM,consolidation ,0,0,0,0,0,0,0,0,CH,CH,CH,0,0,0,0,EXAM,EXAM,EXAM
S2,I,AICE1005,AICE,Algorithms and Analysis,Computer,Check software,Thursday,14,17,78,Web browser,Not prepared,0,1,0,0,0,0,0,0,0,0,0,0,CH,CH,CH,EXAM,EXAM,consolidation ,0,0,1,0,1,0,0,0,CH,CH,CH,1,0,1,0,EXAM,EXAM,EXAM
S2,I,AICE1006,AICE,Data Analytics,Computer,Check software,Thursday,14,17,78,Web browser and WSL,Not prepared,0,1,0,0,0,0,0,0,0,0,0,0,CH,CH,CH,EXAM,EXAM,consolidation ,0,1,0,1,0,0,0,1,CH,CH,CH,0,1,0,0,EXAM,EXAM,EXAM
S2,I,AICE1007,AICE,Low-Level Programming,Practical and Computer,Check software,Tuesday,14,17,78,Python and PiPico,Not prepared,0,1,0,0,0,0,0,0,0,0,0,0,CH,CH,CH,EXAM,EXAM,consolidation ,1,1,1,1,1,0,1,1,CH,CH,CH,1,1,1,0,EXAM,EXAM,EXAM
S2,I,AICE1008,AICE,Mathematics for Artificial Intelligence and Computer Engineering (II),Computer,Check software,Thursday,14,17,78,Web browser,Not prepared,0,1,0,0,0,0,0,0,0,0,0,0,CH,CH,CH,EXAM,EXAM,consolidation ,1,0,0,0,0,0,1,0,CH,CH,CH,0,0,0,0,EXAM,EXAM,EXAM
S2,II,AICE2006,AICE,Machine Learning (I),Computer,Check software,Monday,14,16,67,Module team self-deployment environment,Not prepared,0,1,0,0,0,0,0,0,0,0,0,0,CH,CH,CH,EXAM,EXAM,consolidation ,1,1,1,1,1,1,1,1,CH,CH,CH,1,1,1,1,EXAM,EXAM,EXAM
S2,II,AICE2007,AICE,Code Transformation,Computer,Check software,Wednesday,10,13,67,Module team self-deployment environment,Not prepared,0,1,0,0,0,0,0,0,0,0,0,0,CH,CH,CH,EXAM,EXAM,consolidation ,1,1,1,1,1,1,1,1,CH,CH,CH,1,1,1,1,EXAM,EXAM,EXAM
S2,II,AICE2008,AICE,Computer Architecture,Computer,Check software,Monday,10,13,67,Vivado,Not prepared,0,1,0,0,0,0,0,0,0,0,0,0,CH,CH,CH,EXAM,EXAM,consolidation ,1,1,1,1,1,1,1,1,CH,CH,CH,1,1,1,1,EXAM,EXAM,EXAM
S2,II,AICE2009,AICE,Digital Signal Processing,Computer,Check software,Friday,11,13,35,[Lecture-based]Web browser,Not prepared,0,1,0,0,0,0,0,0,0,0,0,0,CH,CH,CH,EXAM,EXAM,consolidation ,0,1,0,1,0,1,0,1,CH,CH,CH,0,1,0,1,EXAM,EXAM,EXAM
S2,II,AICE2011,AICE,AI and CE Interdisciplinary Group Project,Practical and Computer,"Check timetable, new robots and hardware",Friday,14,17,100,Robot releted,Not prepared,0,1,0,0,0,0,0,0,0,0,0,0,CH,CH,CH,EXAM,EXAM,consolidation ,1,1,1,1,1,1,1,1,CH,CH,CH,1,1,1,1,EXAM,EXAM,EXAM
S2,VI,AICE6005,AICE,Hardware Accelerators,Computer,Check lab content,Friday,9,10,77,Vivdao,Not prepared,0,1,0,0,0,0,0,0,0,0,0,0,CH,CH,CH,EXAM,EXAM,consolidation ,1,1,1,1,1,1,1,1,CH,CH,CH,1,1,1,1,EXAM,EXAM,EXAM
S2,VI,AICE6006,AICE,Speech Artificial Intelligence,Computer,Check lab content,Wednesday,15,16,1,WSL and to be specify by module team,Not prepared,0,1,0,0,0,0,0,0,0,0,0,0,CH,CH,CH,EXAM,EXAM,consolidation ,0,1,1,1,1,1,1,1,CH,CH,CH,1,1,1,1,EXAM,EXAM,EXAM
