Academic Year,University Week,Semester,Week Type,Semester Week,Week Label,Week Start Date,Week End Date
AY26-27,1,Semester 1,Teaching,1,SW01,21/09/2026,27/09/2026
AY26-27,2,Semester 1,Teaching,2,SW02,28/09/2026,04/10/2026
AY26-27,3,Semester 1,Teaching,3,SW03,05/10/2026,11/10/2026
AY26-27,4,Semester 1,Teaching,4,SW04,12/10/2026,18/10/2026
AY26-27,5,Semester 1,Teaching,5,SW05,19/10/2026,25/10/2026
AY26-27,6,Semester 1,Teaching,6,SW06,26/10/2026,01/11/2026
AY26-27,7,Semester 1,Teaching,7,SW07,02/11/2026,08/11/2026
AY26-27,8,Semester 1,Teaching,8,SW08,09/11/2026,15/11/2026
AY26-27,9,Semester 1,Teaching,9,SW09,16/11/2026,22/11/2026
AY26-27,10,Semester 1,Teaching,10,SW10,23/11/2026,29/11/2026
AY26-27,11,Semester 1,Teaching,11,SW11,30/11/2026,06/12/2026
AY26-27,12,Semester 1,Teaching,12,SW12,07/12/2026,13/12/2026
AY26-27,13,Semester 1,Holiday,,HW01,14/12/2026,20/12/2026
AY26-27,14,Semester 1,Holiday,,HW02,21/12/2026,27/12/2026
AY26-27,15,Semester 1,Holiday,,HW03,28/12/2026,03/01/2027
AY26-27,16,Semester 1,Exam,,EW01,04/01/2027,10/01/2027
AY26-27,17,Semester 1,Exam,,EW02,11/01/2027,17/01/2027
AY26-27,18,Semester 1,Consolidation ,,CW01,18/01/2027,24/01/2027
AY26-27,19,Semester 2,Teaching,1,SW01,25/01/2027,31/01/2027
AY26-27,20,Semester 2,Teaching,2,SW02,01/02/2027,07/02/2027
AY26-27,21,Semester 2,Teaching,3,SW03,08/02/2027,14/02/2027
AY26-27,22,Semester 2,Teaching,4,SW04,15/02/2027,21/02/2027
AY26-27,23,Semester 2,Teaching,5,SW05,22/02/2027,28/02/2027
AY26-27,24,Semester 2,Teaching,6,SW06,01/03/2027,07/03/2027
AY26-27,25,Semester 2,Teaching,7,SW07,08/03/2027,14/03/2027
AY26-27,26,Semester 2,Teaching,8,SW08,15/03/2027,21/03/2027
AY26-27,27,Semester 2,Holiday,,HW01,22/03/2027,28/03/2027
AY26-27,28,Semester 2,Holiday,,HW02,29/03/2027,04/04/2027
AY26-27,29,Semester 2,Holiday,,HW03,05/04/2027,11/04/2027
AY26-27,30,Semester 2,Teaching,9,SW09,12/04/2027,18/04/2027
AY26-27,31,Semester 2,Teaching,10,SW10,19/04/2027,25/04/2027
AY26-27,32,Semester 2,Teaching,11,SW11,26/04/2027,02/05/2027
AY26-27,33,Semester 2,Teaching,12,SW12,03/05/2027,09/05/2027
AY26-27,34,Semester 2,Exam,,EW01,10/05/2027,16/05/2027
AY26-27,35,Semester 2,Exam,,EW02,17/05/2027,23/05/2027
AY26-27,36,Semester 2,Exam,,EW03,24/05/2027,30/05/2027
